"player_id","player_name"
2948,"Nabil Fekir"
2961,"Yann Bodiger"
3023,"Yuri Berchiche Izeta"
3042,"Mikel Merino Zazón"
3058,"Javier Hernández Balcázar"
3093,"Florian Grégoire Claude Lejeune"
3109,"Malcom Filipe Silva de Oliveira"
3122,"Yannis Salibur"
3139,"Chidozie Collins Awaziem"
3141,"André-Frank Zambo Anguissa"
3163,"Mariano Díaz Mejía"
3236,"Sergi Darder Moll"
3245,"Thomas Lemar"
3246,"Guido Marcelo Carrillo"
3265,"José Luis Sanmartín Mato"
3308,"Kieran Trippier"
3313,"Giovani Lo Celso"
3337,"Jermain Defoe"
3366,"Diego Carlos Santos Silva"
3417,"Saidy Janko"
3437,"Francis Joseph Coquelin"
3457,"Michy Batshuayi Tunga"
3473,"James Philip Milner"
3477,"Álvaro Borja Morata Martín"
3497,"Vicente Iborra De La Fuente"
3498,"Ignacio Monreal Eraso"
3501,"Philippe Coutinho Correia"
3508,"Sandro Ramírez Castillo"
3509,"Thibaut Courtois"
3513,"Oliver Burke"
3515,"Alberto Moreno Pérez"
3538,"Wayne Mark Rooney"
3551,"Karl Brillant Toko Ekambi"
3610,"Roque Mesa Quevedo"
3625,"Sofiane Boufal"
3633,"Gareth Barry"
3666,"Robert Kenedy Nunes do Nascimento"
3721,"Etienne Capoue"
3804,"Ferland Mendy"
3810,"Shinji Okazaki"
3872,"Johnnie Jackson"
3953,"Aaron Lennon"
3990,"Jesé Rodríguez Ruiz"
3991,"Allan Romeo Nyom"
4022,"Darren Fletcher"
4040,"Peter Crouch"
4267,"Mouctar Diakhaby"
4345,"Lucas Ariel Ocampos"
4346,"Gilbert Gianelli Imbula Wanga"
4357,"Matthew Taylor"
4367,"Gonçalo Manuel Ganchinho Guedes"
4394,"Peter Whittingham"
4407,"Sanjin Prcić"
4445,"Jules Koundé"
4447,"Martin Braithwaite Christensen"
4546,"Dimitri Foulquier"
4558,"Pape Cheikh Diop Gueye"
4629,"José Ramiro Funes Mori"
4691,"Claudio Andrés Bravo Muñoz"
4712,"Samuel Sáiz Alonso"
4724,"Glen Johnson"
4926,"Francisco Román Alarcón Suárez"
5186,"Denis Cheryshev"
5194,"Fyodor Smolov"
5198,"Diego da Silva Costa"
5199,"Jorge Resurrección Merodio"
5200,"Lucas Vázquez Iglesias"
5201,"Sergio Ramos García"
5202,"José Ignacio Fernández Iglesias"
5203,"Sergio Busquets i Burgos"
5207,"Cristiano Ronaldo dos Santos Aveiro"
5211,"Jordi Alba Ramos"
5213,"Gerard Piqué Bernabéu"
5214,"William Silva de Carvalho"
5217,"Iago Aspas Juncal"
5218,"André Miguel Valente Silva"
5246,"Luis Alberto Suárez Díaz"
5249,"Diego Roberto Godín Leal"
5259,"José María Giménez de Vargas"
5463,"Luka Modrić"
5466,"Oghenekaro Etebo"
5470,"Ivan Rakitić"
5477,"Ousmane Dembélé"
5484,"Lucas Hernández Pi"
5485,"Raphaël Varane"
5487,"Antoine Griezmann"
5492,"Samuel Yves Umtiti"
5503,"Lionel Andrés Messi Cuccittini"
5504,"Éver Maximiliano David Banega"
5516,"Pione Sisto Ifolo Emirmija"
5521,"Luis Jan Piers Advíncula Castrillón"
5523,"Renato Fabrizio Tapia Cortijo"
5534,"Simon Thorup Kjær"
5539,"Carlos Henrique Casimiro"
5552,"Marcelo Vieira da Silva Júnior"
5563,"José Andrés Guardado Hernández"
5573,"Héctor Alfredo Moreno Herrera"
5574,"Toni Kroos"
5575,"Héctor Miguel Herrera López"
5598,"Óscar Esau Duarte Gaitán"
5633,"Yannick Ferreira Carrasco"
5674,"Moussa Wagué"
5687,"Takashi Inui"
5688,"Carlos Arturo Bacca Ahumada"
5691,"Johan Andrés Mojica Palacio"
5693,"Gaku Shibasaki"
5696,"Santiago Arias Naranjo"
5718,"Rodrigo Moreno Machado"
5719,"Marco Asensio Willemsen"
5721,"Daniel Carvajal Ramos"
5742,"Gabriel Iván Mercado"
5830,"Kenneth Josiah Omeruo"
6038,"John Guidetti"
6297,"Maximiliano Gómez González"
6301,"Youssef En-Nesyri"
6310,"Filip Bradarić"
6320,"Filipe Luís Kasmirski"
6330,"Adnan Januzaj"
6332,"Thomas Vermaelen"
6334,"Luis Fernando Muriel Fruto"
6351,"Cristhian Ricardo Stuani Curbelo"
6374,"Nélson Cabral Semedo"
6375,"Juan Francisco Torres Belén"
6376,"Stefan Savić"
6377,"Ángel Martín Correa"
6378,"Jan Oblak"
6379,"Sergi Roberto Carnicer"
6381,"Saúl Ñíguez Esclapez"
6383,"Thomas Teye Partey"
6387,"Iñigo Córdoba Kerejeta"
6388,"Ander Iturraspe Derteano"
6389,"Mikel San José Domínguez"
6390,"Markel Susaeta Laskurain"
6391,"Raúl García Escudero"
6392,"Íñigo Lekue Martínez"
6393,"Iñaki Williams Arthuer"
6394,"Aritz Aduriz Zubeldia"
6396,"Beñat Etxebarria Urkiaga"
6397,"Unai Núñez Gestoso"
6399,"Gareth Frank Bale"
6400,"Aleix Vidal Parreu"
6401,"Kevin Gameiro"
6402,"Francisco Alcácer García"
6560,"Marc Muniesa Martínez"
6564,"Pablo Maffeo Becerra"
6565,"Pere Pons Riera"
6566,"Borja González Tomás"
6567,"Borja García Freire"
6569,"Roberto José Rosales Altuve"
6570,"Alejandro Granell Nogué"
6571,"Roberto Jiménez Gago"
6572,"Juan Pedro Ramírez López"
6573,"Bernardo José Espinosa Zúñiga"
6574,"Douglas Luiz Soares de Paulo"
6578,"Francesc Aday Benítez Caraballo"
6579,"Pedro Alcalá Guirado"
6580,"José Luis García del Pozo"
6581,"Jonathan Rodríguez Menéndez"
6582,"Cristian Portugués Manzanera"
6583,"Carlos Soler Barragán"
6585,"Jeison Fabián Murillo Cerón"
6587,"Antonio Latorre Grueso"
6589,"Geoffrey Kondogbia"
6590,"Norberto Murara Neto"
6591,"Ignacio Vidal Miralles"
6592,"Rúben Miguel Nunes Vezo"
6594,"Santiago Mina Lorenzo"
6595,"Daniel Parejo Muñoz"
6596,"José Luis Gayà Peña"
6598,"Unai Bustinza Martínez"
6599,"Rubén Salvador Pérez Del Mármol"
6601,"Raúl García Carnero"
6602,"Miguel Ángel Guerrero Martín"
6603,"Dimitrios Siovas"
6604,"Darko Brašanac"
6605,"Joseba Zaldúa Bengoetxea"
6606,"Javier Eraso Goñi"
6608,"Nabil El Zhar"
6609,"Denis Suárez Fernández"
6610,"Iván Cuéllar Sacristán"
6611,"Ángel Luis Rodríguez Díaz"
6612,"Rubén Duarte Sánchez"
6613,"Rubén Sobrino Pozuelo"
6615,"Víctor Laguardia Cisneros"
6616,"Munir El Haddadi Mohamed"
6617,"Ibai Gómez Pérez"
6618,"Martín Aguirregabiria Padilla"
6619,"Vitorino Gabriel Pacheco Antunes"
6621,"Amath Ndiaye"
6622,"Tomás Pina Isla"
6624,"Jorge Franco Alviz"
6626,"Mubarak Wakaso"
6627,"Damián Nicolás Suárez Suárez"
6629,"Fernando Pacheco Flores"
6630,"Jorge Molina Vidal"
6632,"Manuel Alejandro García Sánchez"
6634,"Djené Dakonam Ortega"
6635,"Leandro Daniel Cabrera Sasía"
6636,"Rodrigo Ely"
6648,"Aïssa Mandi"
6649,"Óscar de Marcos Arana"
6651,"Joaquín Sánchez Rodríguez"
6652,"Jordi Amat Maas"
6656,"Mikel Rico Moreno"
6657,"Sergio León Limones"
6658,"Cristian Tello Herrera"
6659,"Víctor Camarasa Ferrando"
6662,"Iago Herrerín Buisán"
6663,"Antonio Barragán Fernández"
6665,"Íñigo Martínez Berridi"
6666,"Sabin Merino Zuloaga"
6667,"Mikel Vesga Arruti"
6668,"José Luis Morales Nogales"
6669,"David Zurutuza Veillet"
6670,"Andoni Gorosabel Espinosa"
6671,"Asier Illarramendi Andonegi"
6672,"Jorge Andújar Moreno"
6673,"Sergio Canales Madrazo"
6675,"Antonio Manuel Luna Rodríguez"
6676,"Igor Zubeldia Elorza"
6678,"Emmanuel Okyere Boateng"
6679,"Aritz Elustondo Irribaria"
6680,"Rubén Rochina Naixes"
6681,"José Manuel Rodríguez Benito"
6682,"Sergio Postigo Redondo"
6684,"Roger Martí Salvador"
6685,"Mikel Oyarzabal Ugarte"
6688,"José Ángel Gómez Campaña"
6689,"Álvaro Odriozola Arzallus"
6691,"David Remeseiro Salgueiro"
6692,"Oier Olazábal Paredes"
6693,"Raúl Rodríguez Navas"
6694,"Gerónimo Rulli"
6695,"Juan Miguel Jiménez López"
6698,"Marko Dmitrović"
6699,"Ander Capa Rodríguez"
6700,"Sergio Enrich Ametller"
6701,"Joan Jordán Moreno"
6704,"Theo Bernard François Hernández"
6705,"José Ángel Valdés Díaz"
6707,"Charles Días Barbosa de Oliveira"
6708,"Paulo André Rodrigues de Oliveira"
6709,"Anaitz Arbilla Zabala"
6710,"Rubén Peña Jiménez"
6711,"Enrique García Martínez"
6712,"Gonzalo Escalante"
6713,"Diego Javier Llorente Ríos"
6718,"Sergio Escudero Palomo"
6719,"Franco Damián Vázquez"
6720,"Pablo Sarabia García"
6721,"Willian José da Silva"
6722,"David Soria Solís"
6723,"Wissam Ben Yedder"
6724,"Manuel Agudo Durán"
6732,"Lucas Pérez Martínez"
6733,"Pedro Mosquera Parada"
6734,"Luis Carlos Correia Pinto"
6735,"Adrián López Álvarez"
6737,"Alfonso Pedraza Sag"
6738,"Juan Francisco Moreno Fuertes"
6739,"Diego Alejandro Rolan Silva"
6742,"Sergio Gontán Gallardo"
6746,"Gabriel Armando de Abreu"
6748,"Ferrán Torres García"
6752,"Víctor Ruíz Torre"
6753,"Daniel Raba Antolín"
6754,"David López Silva"
6755,"Sergio Asenjo Andrés"
6757,"Aarón Martín Caricol"
6758,"Víctor Sánchez Mata"
6760,"Enes Ünal"
6761,"Leonardo Carrilho Baptistão"
6762,"Álvaro González Soberón"
6764,"Pablo Fornals Malla"
6765,"Rodrigo Hernández Cascante"
6766,"Gerard Moreno Balaguero"
6767,"Sergio García De La Fuente"
6768,"Diego López Rodríguez"
6769,"Edinaldo Gomes Pereira"
6770,"Esteban Félix Granero Molina"
6771,"Manuel Trigueros Muñoz"
6772,"Mario Gaspar Pérez Martínez"
6773,"Federico Santiago Valverde Dipetta"
6775,"Daniel García Carrillo"
6776,"David Juncà Reñé"
6777,"Sidnei Rechel da Silva Júnior"
6778,"Iván Ramis Barrios"
6782,"Enis Bardhi"
6784,"Antonio García Aranda"
6785,"Yassine Bounou"
6786,"David Timor Copoví"
6787,"Pedro López Muñoz"
6788,"Xabier Etxeita Gorritxategi"
6789,"Mikel Balenziaga Oruesagasti"
6790,"Mario Hermoso Canseco"
6791,"Javier López Rodríguez"
6792,"Pau López Sabata"
6795,"Rubén Blanco Veiga"
6796,"Nemanja Radoja"
6797,"Daniel Wass"
6798,"Stanislav Lobotka"
6799,"Brais Méndez Portela"
6803,"Emre Mor"
6804,"Sergi Gómez Solà"
6805,"Hugo Mallo Novegil"
6807,"Roberto Suárez Pier"
6809,"Erick Cathriel Cabaco Almada"
6810,"José Manuel Arnáiz Díaz"
6821,"Jesús Navas González"
6825,"Daniel Filipe Martins Carriço"
6826,"Clément Lenglet"
6827,"Daniele Bonera"
6828,"Jaume Vicent Costa Jordá"
6830,"Facundo Sebastián Roncaglia"
6834,"Gerard Gumbau Garriga"
6838,"Hernán Arsenio Pérez González"
6839,"Daniel Alejandro Torres Rojas"
6840,"Marcos Llorente Moreno"
6841,"Víctor Machín Pérez"
6842,"Iker Muniain Goñi"
6851,"Aitor Ruibal García"
6852,"Jozabed Sánchez Ruiz"
6855,"Guillermo Alfonso Maripán Loaysa"
6856,"Carlos Martín Vigaray"
6857,"Rúben Afonso Borges Semedo"
6863,"Mauro Wilney Arambarri Rosa"
6866,"Marc Roca Junqué"
6867,"Papa Kouly Diop"
6872,"Bruno González Cabrera"
6873,"Francisco Portillo Soler"
6876,"Róbert Mazáň"
6877,"Yeray Álvarez López"
6880,"Arnaldo Antonio Sanabria Ayala"
6885,"Kévin Manuel Rodrigues"
6886,"Dídac Vilá Rosselló"
6888,"Aleix García Serrano"
6891,"Ezequiel Marcelo Garay"
6892,"Pau Francisco Torres"
6893,"Jesús Vallejo Lázaro"
6898,"Jaume Doménech Sánchez"
6899,"Rubén Pardo Gutiérrez"
6901,"Nemanja Maksimović"
6902,"Óscar Melendo Jiménez"
6906,"Jon Bautista Orgilles"
6907,"Pedro León Sánchez Gil"
6908,"Iván Alejo Peralta"
6910,"Eduardo Expósito Jaén"
6919,"Guilherme Antonio Arana Lopes"
6923,"Joaquín Navarro Jiménez"
6924,"Alejandro Gálvez Jimena"
6930,"Jonathan Calleri"
6935,"Adrián Marín Gómez"
6947,"Miralem Pjanić"
6982,"Maxime Gonalons"
6998,"Rafael Alcântara do Nascimento"
7006,"Alejandro Darío Gómez"
7022,"Jesús Joaquín Fernández Sáez de la Torre"
7030,"Raúl Albiol i Tortajada"
7040,"Marko Rog"
7064,"Lucas Ariel Boyé"
7068,"Marc Bartra Aregall"
7104,"Mathías Olivera Miramontes"
7105,"Fabián Ariel Orellana Valenzuela"
7154,"Sebastián Carlos Cristóforo Pepe"
7478,"Alejandro Berenguer Remiro"
7578,"Anthony Rubén Lozano Colón"
7621,"Hugo Duro Perales"
7699,"Daniele Verde"
7814,"Anthony Le Tallec"
7897,"Miguel Ángel Garrido Cifuentes"
7900,"Tiago Manuel Dias Correia"
7907,"Pedro Bigas Rigo"
7910,"Lorenzo Jesús Morón García"
8068,"Maximilian Wöber"
8118,"Frenkie de Jong"
8206,"Arturo Erasmo Vidal Pardo"
8252,"Martin Ødegaard"
8419,"Duje Čop"
8540,"Kenan Kodro"
8555,"Pablo Ezequiel De Blasis"
8572,"Karim Rekik"
8652,"Jasper Cillessen"
8654,"Ante Budimir"
8668,"Kevin-Prince Boateng"
8819,"Alexander Isak"
8866,"Carlos Fernández Luna"
9003,"Paul Gallagher"
9353,"Nicky Hunt"
9462,"José Ignacio Peleteiro Ramallo"
9585,"Stewart Downing"
9747,"Axel Werner"
9845,"John Welsh"
9857,"José Manuel Sánchez Guillén"
10318,"Ljubomir Fejsa"
10323,"Alfa Semedo Esteves"
10525,"Kenny Miller"
10605,"Rodrigo Andrés Battaglia"
10709,"Modibo Sagnan"
10763,"Asier Riesgo Unamuno"
11009,"Chris Baird"
11167,"Felipe Augusto de Almeida Monteiro"
11270,"Eiður Smári Guðjohnsen"
11291,"Laureano Antonio Villa Suárez"
11292,"Pedro Antonio Porro Sauceda"
11293,"Fernando Calero Villa"
11294,"Borja Fernández Fernández"
11296,"Óscar Plano Pedreño"
11297,"Javier Moyano Lujano"
11298,"José Ignacio Martínez García"
11300,"Rubén Alcaraz Jiménez"
11301,"Miguel Alfonso Herrero Javaloyas"
11302,"Jordi Masip López"
11303,"Anuar Mohamed Tuhami"
11304,"Francisco José Olivas Alba"
11332,"Ibrahim Amadou"
11348,"Robbie Keane"
11384,"Manuel Morlanes Ariño"
11385,"Santiago Cáseres"
11386,"Santiago Cazorla González"
11388,"Néstor Alejandro Araújo Razo"
11389,"Francisco José Beltrán Peinado"
11391,"Borja Iglesias Quintas"
11392,"Arthur Henrique Ramos de Oliveira Melo"
11501,"Darwin Daniel Machís Marcano"
11532,"Jean-Clair Todibo"
11535,"José Ángel Pozo la Rosa"
11538,"Alejandro Moreno Lopera"
11539,"Adrián Embarba Blázquez"
11541,"Tomáš Vaclík"
11550,"Jaime Mata Arnaiz"
11634,"Cristiano Piccini"
11669,"Gonzalo Julián Melero Manzanares"
11670,"David Ferreiro Quiroga"
11671,"Juan Camilo Hernández Suárez"
11672,"Samuele Longo"
11673,"Alejandro Gallar Falguera"
11674,"Damián Marcelo Musto"
11675,"Moisés Gómez Bordonado"
11676,"Jorge Miramón Santagertrudis"
11677,"Jorge Pulido Mayoral"
11678,"Luis Ezequiel Ávila"
11730,"Jonathan Cristian Silva"
11744,"Peru Nolaskoain Esnal"
11745,"Michael Nicolás Santos Rosadilla"
11746,"Unai López Cabrera"
11748,"Unai Simón Mendibil"
12020,"Hernâni Jorge Santos Fortes"
12021,"Óliver Torres Muñoz"
12041,"João Félix Sequeira"
12072,"Pere Milla Peña"
12073,"Pablo Hervías Ruiz"
12190,"Patrick Twumasi"
12192,"Álvaro García Rivera"
12194,"Santiago Comesaña Veiga"
12419,"Lucas Torró Marset"
12529,"Ashley Cole"
12554,"Serdar Gürler"
12555,"Okay Yokuşlu"
13042,"Tim Howard"
13107,"Sergio Álvarez Díaz"
13108,"Marc Cardona Rovira"
13360,"Quincy Anton Promes"
13439,"Liam Ridgewell"
13599,"Carles Aleña Castillo"
13620,"Éder Gabriel Militão"
13808,"Radostin Kishishev"
15036,"Edwin van der Sar"
15042,"Dennis Bergkamp"
15049,"Billy McKinlay"
15073,"Youri Djorkaeff"
15095,"Tugay Kerimoğlu"
15173,"Steffen Freund"
15259,"Patrik Berger"
15272,"Markus Babbel"
15280,"Vladimir Smicer"
15281,"Dino Baggio"
15399,"Robbie Fowler"
15400,"Nick Barmby"
15402,"Gary Neville"
15403,"Gareth Southgate"
15405,"Paul Ince"
15407,"Steve McManaman"
15409,"David Seaman"
15410,"Teddy Sheringham"
15411,"Darren Anderton"
15505,"Steve Stone"
15512,"Sylvain Wiltord"
15513,"Thomas Gravesen"
15515,"Patrick Vieira"
15516,"Thierry Henry"
15519,"Nicolas Anelka"
15524,"Jesper Grønkjær"
15590,"Ole Gunnar Solskjær"
15595,"Steffen Iversen"
15637,"Sulzeer Jeremiah ''Sol' Campbell"
15638,"Jamie Redknapp"
15654,"Martin Keown"
15659,"Emile Heskey"
15660,"Phil Neville"
15665,"Michael Owen"
15666,"Paul Scholes"
15754,"Fredrik Ljungberg"
15761,"Olof Mellberg"
15880,"Emiliano Ariel Rigoni"
16003,"Fernando Francisco Reges"
16024,"Roger Claver Assalé Djapone"
16209,"Raúl de Tomás Gómez"
16210,"Luca Sangalli Fuentes"
16212,"Óscar Rodríguez Arnaiz"
16249,"Yangel Clemente Herrera Ravelo"
16298,"Denis Vavro"
16309,"Joel Robles Blázquez"
16335,"Samuel Chimerenka Chukwueze"
16489,"Nemanja Gudelj"
16555,"Joseph Aidoo"
16890,"John O''Shea"
17027,"Sergio Guardiola Navarro"
17054,"Emiliano Daniel Velázquez Maldonado"
17276,"Seydou Doumbia"
17303,"Nikola Vukčević"
17304,"Héctor Junior Firpo Adames"
17520,"Federico Barba"
17620,"Marc Cucurella Saseta"
17727,"Ioan Viorel Ganea"
17793,"Boudewijn Zenden"
17804,"David Costas Cordal"
17818,"Rodrigo Tarín Higón"
18105,"Adrian Mutu"
18163,"Moses Daddy-Ajala Simon"
18164,"Antonio Jesús Regal Angulo"
18395,"Vinícius José Paixão de Oliveira Júnior"
18620,"Sergio Reguilón Rodríguez"
18721,"Robert Ibáñez Castro"
18783,"Omenuke Mfulu"
19109,"Steven Gerrard"
19312,"Robert Pirès"
19497,"Nigel Martyn"
19597,"Marcos Javier Acuña"
19636,"Paul Bosvelt"
19668,"Augusto Matías Fernández"
19677,"Karim Benzema"
19729,"Ruud van Nistelrooy"
19735,"Milan Baroš"
19772,"Stylianos Giannakopoulos"
19857,"Marians Pahars"
20011,"Hélder Manuel Marques Postiga"
20015,"Jens Lehmann"
20019,"Thomas Hitzlsperger"
20033,"Luuk de Jong"
20055,"Marc-André ter Stegen"
20059,"Aaron Hughes"
20063,"Javier Ontiveros Parra"
20145,"Thomas Løvendahl Sørensen"
20153,"Claus Jensen"
20171,"Rio Ferdinand"
20175,"Ryan Giggs"
20180,"Marcus Allbäck"
20189,"Tobias Linderoth"
20193,"Anders Svensson"
20254,"Claude Makélélé"
20257,"William Gallas"
20281,"Mario Melchiot"
20286,"Scott Parker"
20287,"John Terry"
20302,"Gaël Clichy"
20326,"Kieron Dyer"
20327,"Darius Vassell"
20329,"David James"
20330,"Frank Lampard"
20331,"Ivica Mornar"
20341,"Mikaël Silvestre"
20402,"Boris Živković"
20444,"Damien Duff"
20446,"Shay Given"
20447,"Richard Dunne"
20488,"Ledley King"
20505,"Louis Saha"
20510,"Alexei Gennadyevich Smertin"
20542,"Álvaro Negredo Sánchez"
20549,"Jamal Julian Campbell-Ryce"
21081,"Juan Marcos Foyth"
21147,"Borja Mayoral Moya"
21225,"Javier Sánchez de Felipe"
21397,"Stole Dimitrievski"
21399,"Pablo Ínsua Blanco"
21540,"Kevin Nolan"
21881,"Sergino Dest"
22020,"Joaquín Fernández Moreno"
22029,"Kevin Vázquez Comesaña"
22107,"Thierry Rendall Correia"
22128,"Robin Aime Robert Le Normand"
22129,"Valery Fernández Estrada"
22199,"Sergio Gómez Martín"
22287,"Adrià Giner Pedrosa"
22321,"Ander Barrenetxea Muguruza"
22390,"Francisco António Machado Mota de Castro Trincão"
22418,"Bryan Gil Salvatierra"
22452,"Aihen Muñoz Capellán"
22740,"Kang-In Lee"
22819,"Bruno Soriano Llido"
22915,"Diego Lainez Leyva"
22919,"Lluís López Mármol"
23211,"Víctor Mollejo Carpintero"
23212,"Martín Merquelanz Castellanos"
23213,"Enric Gallego Puigsech"
23263,"Lisandro Magallán"
23264,"Seung-Ho Paik"
23307,"Idrissa Doumbia"
23322,"Javier Galán Gil"
23343,"Lei Wu"
23344,"Aitor Fernández Abarisketa"
23492,"Stiven Ricardo Plaza Castillo"
23522,"Emerson Aparecido Leite de Souza Junior"
23627,"João Pedro Neves Filipe"
23803,"Esteban Rodrigo Burgos"
23807,"Domingos Sousa Coutinho Meneses Duarte"
23808,"Enrique González Casín"
23811,"Alberto Perea Correoso"
23812,"Rafael Mir Vicente"
23816,"José Antonio Reyes Calderón"
23825,"Fidel Chaves de la Torre"
23934,"Rafael Jiménez Jarque"
23943,"Rubén García Santos"
23944,"Oier Sanjurjo Mate"
23945,"Iñigo Pérez Soto"
23947,"Roberto Torres Morales"
23948,"Carlos Clerc Martínez"
23949,"Unai García Lugea"
23950,"David García Zubiría"
23966,"Mickaël Malsa"
23967,"Alejandro Fernández Iglesias"
23970,"José María Martín-Bejarano Serrano"
23971,"Jairo Izquierdo González"
23973,"Salvador Sánchez Ponce"
23978,"Manuel Javier Vallejo Galván"
23981,"Álvaro Tejero Sacristán"
23986,"Aleix Febas Pérez"
24037,"Alberto Soro Álvarez"
24049,"Luis Jesús Rioja González"
24052,"Yan Brice Eteki"
24053,"Álvaro Giménez Candela"
24055,"Juan Carlos Real Ruiz"
24067,"Abdón Prats Bastidas"
24072,"Salvador Sevilla López"
24078,"Javier Muñoz Jiménez"
24079,"Júnior Wakalibille Lago"
24083,"Manuel Reina Rodríguez"
24084,"Martin Valjent"
24085,"Pervis Josué Estupiñán Tenorio"
24086,"Antonio José Raillo Arenas"
24087,"Iddrisu Baba Mohammed"
24088,"Daniel José Rodríguez Vázquez"
24089,"Joan Sastre Vanrell"
24093,"Luis Javier Suárez Charris"
24126,"José Antonio Rodríguez Díaz"
24127,"Ramon Olamilekan Azeez"
24133,"Víctor David Díaz Miguel"
24134,"Germán Sánchez Barahona"
24136,"Federico Vico Villegas"
24138,"Joaquín José Marín Ruiz"
24140,"Rui Tiago Dantas da Silva"
24141,"Federico San Emeterio Díaz"
24142,"José Antonio Martínez Gil"
24143,"Álvaro Vadillo Cifuentes"
24144,"Ángel Montoro Sánchez"
24165,"Edgar Badía Guardiola"
24166,"Juan Francisco Martínez Modesto"
24169,"Gonzalo Cacicedo Verdú"
24172,"Álvaro Juan Cruz Armada"
24211,"Sergio Herrera Pirón"
24212,"Aridane Hernández Umpiérrez"
24236,"Ander Guevara Lajo"
24251,"José Antonio Morente Oliva"
24267,"Uroš Račić"
24269,"Marc Pedraza Sarto"
24272,"Luis Milla Manzanares"
24273,"Jorge Sáenz de Miera Colmeiro"
24315,"Enrique Barja Afonso"
24322,"Isaac Carcelén Valencia"
24517,"José Raúl Gutiérrez Parejo"
24576,"Francisco Gámez López"
24593,"Marcos Mauro López Gutiérrez"
24613,"Alejandro Pozo Pozo"
24616,"Luis Alfonso Espino García"
24681,"Daniel Escriche Romero"
24712,"Jon Ander Garrido Moracia"
24729,"Xavier Quintillà Guasch"
24730,"Lucas René Olaza Catrofe"
24758,"Michael Tarnat"
24763,"Ronny Johnsen"
24765,"Denis Irwin"
24766,"Dwight Yorke"
24767,"Andy Cole"
24777,"Waldo Rubio Martín"
24794,"Duncan Ferguson"
24798,"Nikos Dabizas"
24799,"Gary Speed"
24805,"Roy Keane"
24840,"Justin Hoyte"
24841,"Ricard Puig Martí"
24921,"Martín Zubimendi Ibáñez"
24949,"Álex Collado Gutiérrez"
24971,"Nwankwo Christian Kanu"
24972,"Ray Parlour"
24976,"Abel Ruiz Ortega"
25005,"Alejandro Blanco Sánchez"
25006,"Carles Pérez Sayol"
25104,"Rodrygo Silva de Goes"
25134,"Deyverson Brum Silva Acosta"
25598,"Álvaro Fernández Llorente"
25702,"Carlos Neva Tey"
25704,"Aarón Escandell Banacloche"
25960,"Frédéric Oumar Kanouté"
26009,"Roberto Soldado Rillo"
26010,"Hugo Miguel Ferreira Gomes Viana"
26014,"Eduardo César Daude Gaspar"
26149,"Stephane Dalmat"
26194,"Pascal Cygan"
26199,"Diego Forlán Corazo"
26387,"Edgar Antonio Méndez Ortega"
26404,"Guido Rodríguez"
26532,"Renan Augusto Lodi dos Santos"
26649,"Jermaine Pennant"
27342,"Josep Señé Escudero"
28658,"Augusto Jorge Mateo Solari"
29198,"Jeremías Ledesma"
29310,"Shon Zalman Weissman"
30081,"Nehuén Pérez"
30225,"Oihan Sancet Tirapu"
30277,"Jon Moncayola Tollar"
30294,"Gabriel Matías Fernández Leites"
30370,"Jens Jønsson"
30419,"Alberto Rodríguez Baró"
30420,"Víctor Campuzano Bonilla"
30421,"Matías Ezequiel Vargas Martín"
30483,"Jaime Seoane Valenciano"
30486,"Pedro González López"
30492,"Francisco Javier Hidalgo Gómez"
30519,"Mohamed Salisu"
30593,"Daniel Gómez Alcón"
30756,"Anssumane Fati"
30760,"Borja Sainz Eguskiza"
31090,"Takefusa Kubo"
31235,"Marcos André de Sousa Mendonça"
31779,"Tomas Franco Tavares"
31885,"Pol Lozano Vizuete"
31914,"Omobolaji Habeeb Adekanye"
31931,"Christian Gabriel Oliva Giménez"
32185,"Alejandro Remiro Gargallo"
32480,"Ronald Federico Araújo da Silva"
32670,"Víctor Gómez Perea"
32673,"Jorge De Frutos Sebastián"
32953,"Asier Villalibre Molina"
33339,"Manuel Sánchez De La Peña"
34323,"Luis Miguel Sánchez Benítez"
34386,"John Arne Semundseth Riise"
34388,"Jamie Carragher"
34389,"Sami Hyypiä"
34390,"Jerzy Dudek"
34391,"Harry Kewell"
34392,"Steve Finnan"
34394,"Hernán Jorge Crespo"
34515,"Fernando Niño Rodriguez"
35000,"José Manuel Fontán Mondragón"
35287,"Sofian Chakla"
35473,"Unai Vencedor Paris"
35641,"Hugo Guillamón Sanmartín"
38402,"Bobby Zamora"
38403,"Shaka Hislop"
38404,"Paul Konchesky"
38412,"Kolo Habib Touré"
38418,"Jonathan Woodgate"
38454,"Danny Murphy"
38464,"Brad Friedel"
38465,"Claudio Reyna"
38466,"Brian McBride"
38522,"Dietmar Hamann"
38551,"Shaun Wright-Phillips"
38552,"Joey Barton"
38556,"Leslie Ferdinand"
38557,"David Batty"
38558,"Steve Watson"
38566,"Lee Clark"
38569,"Steve Howey"
38792,"Yunus Dimoara Musah"
39073,"Moriba Kourouma Kourouma"
39598,"Miguel Baeza Pérez"
39847,"Dominic Matteo"
40123,"Robert Huth"
40132,"Paul Robinson"
40215,"Jihai Sun"
40216,"Eyal Berkovic"
40217,"Trevor Sinclair"
40218,"Sylvain Distin"
40219,"Danny Tiatto"
40220,"David Sommeil"
40221,"Gilberto Aparecido da Silva"
40222,"Laureano Bisan-Etame Mayer"
40223,"Antoine Sibierski"
40225,"Andy O""Brien"
40226,"Craig Bellamy"
40227,"Laurent Robert"
40228,"Lee Bowyer"
40229,"Darren Ambrose"
40230,"Titus Malachi Bramble"
40231,"Alan Shearer"
40232,"Shola Ameobi"
40233,"Olivier Bernard"
40234,"Jermaine Jenas"
40235,"Danny Coyne"
40236,"Ian Walker"
40237,"James Scowcroft"
40238,"Lilian Nalis"
40239,"Jordan Stewart"
40240,"Paul Dickov"
40241,"Matt Heath"
40242,"Marcus Bent"
40243,"Frank Mohammed Sinclair"
40244,"Trevor Benjamin"
40245,"Paul Brooker"
40246,"Quinton Fortune Kolobea"
40252,"Massimo Maccarone"
40254,"Igor Bišćan"
40255,"Jérémie Aliadière"
40256,"Salif Alassane Diao"
40257,"El-Hadji Ousseynou Diouf"
40258,"Wayne Bridge"
40259,"Joe Cole"
40260,"Carlo Cudicini"
40261,"Gérémi Sorele N""Djitap Fotso"
40262,"Jerrel Hasselbaink"
40263,"Zoumana Camara"
40264,"Michael Bridges"
40265,"José Vitor Roque Júnior"
40266,"Seth Johnson"
40267,"Alan Smith"
40268,"René Salomon Olembé-Olembé"
40269,"Lamine Sakho"
40270,"Gary Oliver Kelly"
40271,"Neil Sullivan"
40272,"Stephen Kelly"
40273,"Goran Bunjevčević"
40274,"Kasey Keller"
40275,"Mauricio Taricco"
40276,"Gustavo Augusto Poyet Domínguez"
40277,"Simon Davies"
40278,"Michael Brown"
40279,"Anthony Gardner"
40280,"Richard Wright"
40281,"David Unsworth"
40282,"Gary Naysmith"
40283,"Nick Chadwick"
40284,"Alessandro Pistone"
40285,"Alan Stubbs"
40286,"Tomasz Radziński"
40287,"Tie Li"
40288,"Joseph Phillip Yobo"
40289,"Mark Pembridge"
40290,"Robbie Savage"
40291,"Clinton Morrison"
40292,"Maik Taylor"
40293,"Damien Johnson"
40294,"Bryan Hughes"
40295,"Stan Lazaridis"
40296,"Kenny Cunningham"
40297,"Stephen Clemence"
40298,"Jamie Clapham"
40299,"Stern John"
40300,"Matthew Upson"
40301,"Mikael Forssell"
40302,"David Dunn"
40303,"Aliou Cissé"
40304,"Lee Naylor"
40305,"Mark Kennedy"
40306,"Dean Sturridge"
40307,"Shaun Newton"
40308,"Henri Camara"
40309,"Oleg Luzhny"
40310,"Michael Oakes"
40311,"Alex Rae"
40312,"Paul Butler"
40313,"Colin Cameron"
40314,"Jody Craddock"
40315,"Mbulelo Mabizela"
40316,"Rohan Ricketts"
40317,"Dean Richards"
40318,"Stephen Carr"
40319,"Paul Jones"
40320,"Carl Cort"
40322,"Mark Schwarzer"
40323,"Joseph-Desiré Job"
40324,"George Boateng"
40325,"Ugo Ehiogu"
40326,"Danny Mills"
40327,"Szilárd Németh"
40328,"Franck Queudrue"
40329,"Dorival Guidoni Júnior"
40330,"Chris Riggott"
40331,"Oswaldo Giroldo Júnior"
40336,"Sébastien Schemmel"
40337,"Yakubu Aiyegbeni"
40338,"Nigel Quashie"
40339,"Arjan de Zeeuw"
40340,"Dejan Stefanovic"
40341,"Tim Sherwood"
40342,"Jason Roberts"
40343,"Amdy Moustapha Faye"
40352,"Barry Ferguson"
40353,"Vratislav Greško"
40354,"Lucas Neill"
40355,"Andy Todd"
40356,"Craig Short"
40357,"Brett Emerton"
40358,"Steven Reid"
40359,"Jlloyd Tafari Samuel"
40360,"Ulises Hernán de la Cruz Bernardo"
40361,"Mark Anthony Delaney"
40362,"Juan Pablo Ángel Arango"
40363,"Lee Hendrie"
40364,"Roy Carroll"
40365,"Eric Daniel Djemba-Djemba"
40366,"Wes Brown"
40368,"Ian Harte"
40369,"Steven Caldwell"
40370,"Lucas Radebe"
40371,"Michael Duberry"
40372,"Simon Johnson"
40373,"Mark Viduka"
40374,"Jason Joseph Euell"
40375,"Paolo Di Canio"
40376,"Graham Stuart"
40377,"Hermann Hreidarsson"
40378,"Dean Kiely"
40379,"Matt Holland"
40380,"Mark Fish"
40381,"Chris Perry"
40382,"Jonatan Lillebror Johansson"
40383,"Émerson Augusto Thome"
40384,"Augustine Azuka ""Jay-Jay"" Okocha"
40385,"Jussi Jääskeläinen"
40386,"Iván Campo Ramos"
40387,"Henrik Pedersen"
40388,"Kevin Cyril Davies"
40389,"Per Frandsen"
40390,"Simon Charlton"
40391,"Ricardo Wayne Gardner"
40392,"Ibrahim Ba"
40393,"Bruno N""Gotty"
40395,"Michael Gray"
40396,"Matt Jansen"
40397,"Martin Andresen"
40398,"Jonathan Douglas"
40400,"Olivier Tébily"
40401,"Ian Bennett"
40402,"Stuart Parnaby"
40403,"Malcolm Christie"
40404,"Alan Wright"
40405,"Colin Cooper"
40406,"Andrew Davies"
40407,"Steed Malbranque"
40408,"Moritz Volz"
40409,"Junichi Inamoto"
40410,"Barry Hayles"
40411,"Sylvain Legwinski"
40412,"Sean Davis"
40413,"Zat Knight"
40414,"Jérôme Bonnissel"
40415,"Andy Melville"
40416,"Luke Young"
40417,"Jonathan Fortune"
40418,"Carlton Cole Okirie"
40420,"Carlos Manuel Bocanegra"
40421,"Ian Pearce"
40422,"Alain Goma"
40423,"Martin Djetou"
40424,"Luís Boa Morte Pereira"
40425,"Collins John"
40433,"Kevin Phillips"
40434,"Paul Telfer"
40435,"Rory Delap"
40436,"Darren Kenton"
40437,"Brett Ormerod"
40438,"Antti Mikko Niemi"
40439,"David Prutton"
40440,"Léandre Griffit"
40441,"Michael Lennart Svensson"
40442,"James Beattie"
40443,"Neill McCann"
40444,"Fitz Hall"
40445,"Danny Higginbotham"
40881,"Enrique Pérez Muñoz"
40890,"Iván Villar Martínez"
41083,"Rodrigo Sánchez Rodriguez"
41107,"Sabit Abdulai"
41116,"Jacobo González Rodrigañez"
41125,"Abdallahi Mohamed Mahmoud"
41202,"Giorgi Kochorashvili"
42282,"Paul Edgar Akouokou"
43728,"Óscar Mingueza García"
45969,"Keith Gillespie"
47226,"Jon Morcillo Conesa"
47375,"Robert Navarro Muñoz"
47447,"Gabriel Veiga Novas"
50494,"Yeremi Jesús Pino Santos"
71519,"Juan Antonio Iglesias Sánchez"
75546,"Carlos Domínguez Cáceres"
79498,"Amankwaa Akurugu"
105762,"José Antonio Miranda Boacho"
117025,"Hugo Sotelo"
129558,"Tony Hibbert"
364784,"Mark Kinsella"
375066,"Lee Carsley"
375067,"Francis Jeffers"
375068,"Kevin Campbell"
375070,"Kevin Kilbane"
375886,"Craig Hignett"
375887,"Riccardo Scimeca"
375888,"Andy Impey"
375889,"Ben Thatcher"
375890,"Callum Davidson"
376516,"Richard Hughes"
376517,"John Curtis"
376518,"Trésor Lomana LuaLua"
376521,"David Bentley"
377674,"Graeme Le Saux"
377676,"Stephen Crainey"
